epoch,lr,train_loss,train_acc,test_loss,test_acc
1,0.001,3.0795998573303223,0.375,4.351333141326904,0.6666666666666666
2,0.001,4.045917510986328,0.6666666666666666,5.430964469909668,0.3333333333333333
3,0.001,5.0948486328125,0.3333333333333333,2.928528070449829,0.6666666666666666
4,0.001,2.6291003227233887,0.6666666666666666,1.1437225341796875,0.6666666666666666
5,0.001,0.8860477209091187,0.6666666666666666,0.9270211458206177,0.7666666666666667
6,0.001,0.878557562828064,0.675,1.9634793996810913,0.5
7,0.001,1.818503737449646,0.5833333333333334,1.345276117324829,0.5
8,0.001,1.1162840127944946,0.575,0.5045406222343445,0.8333333333333334
9,0.001,0.2756020426750183,0.9166666666666666,1.2600024938583374,0.6
10,0.001,0.8762920498847961,0.6416666666666667,1.4667079448699951,0.6
