epoch,lr,train_loss,train_acc,test_loss,test_acc
1,0.001,0.3445311573386192,0.8951333333333333,0.14937658023834227,0.955
2,0.001,0.11710478019316992,0.9643833333333334,0.11683134245872498,0.9641
3,0.001,0.08261169070005417,0.9747333333333333,0.09414103655815124,0.9688
4,0.001,0.06130432393848896,0.9806,0.09514920248985291,0.9704
5,0.001,0.044653770540157955,0.9858333333333333,0.08889833765029907,0.974
6,0.0005,0.022071912277241548,0.9934,0.07943129863739014,0.9758
7,0.0005,0.016175713578859965,0.9954833333333334,0.07584513168334961,0.9784
8,0.0005,0.012273685089871287,0.9968666666666667,0.0833407024383545,0.9768
9,0.0005,0.009921206499139468,0.9972333333333333,0.090977649974823,0.9778
10,0.0005,0.007790873401363691,0.99815,0.08750610508918762,0.9776
